Source,Target,Type
All_Other,AllOther,inRegion
All_Other_Q1_2026_Entry,AllOther,inRegion
All_Other_Q1_2026_Entry,Quarter_Q1_2026,quarter
All_Other_Q2_2025_Entry,AllOther,inRegion
All_Other_Q2_2025_Entry,Quarter_Q2_2025,quarter
All_Other_Q2_2026_Entry,AllOther,inRegion
All_Other_Q2_2026_Entry,Quarter_Q2_2026,quarter
All_Other_Q3_2025_Entry,AllOther,inRegion
All_Other_Q3_2025_Entry,Quarter_Q3_2025,quarter
All_Other_Q3_2026_Entry,AllOther,inRegion
All_Other_Q3_2026_Entry,Quarter_Q3_2026,quarter
All_Other_Q4_2025_Entry,AllOther,inRegion
All_Other_Q4_2025_Entry,Quarter_Q4_2025,quarter
All_Other_Q4_2026_Entry,AllOther,inRegion
All_Other_Q4_2026_Entry,Quarter_Q4_2026,quarter
AutonomousDrivingDevelopment_OEM,BEHV,hasVehicleType
AutonomousDrivingDevelopment_OEM,BEHV_SAE_Level_1_Year_2025,hasDetail
AutonomousDrivingDevelopment_OEM,BEHV_SAE_Level_1_Year_2026,hasDetail
AutonomousDrivingDevelopment_OEM,BEHV_SAE_Level_1_Year_2027,hasDetail
AutonomousDrivingDevelopment_OEM,BEHV_SAE_Level_2_Year_2025,hasDetail
AutonomousDrivingDevelopment_OEM,BEHV_SAE_Level_2_Year_2026,hasDetail
AutonomousDrivingDevelopment_OEM,BEHV_SAE_Level_2_Year_2027,hasDetail
AutonomousDrivingDevelopment_OEM,BEHV_SAE_Level_3_Year_2025,hasDetail
AutonomousDrivingDevelopment_OEM,BEHV_SAE_Level_3_Year_2026,hasDetail
AutonomousDrivingDevelopment_OEM,BEHV_SAE_Level_3_Year_2027,hasDetail
AutonomousDrivingDevelopment_OEM,BEHV_SAE_Level_4_Year_2025,hasDetail
AutonomousDrivingDevelopment_OEM,BEHV_SAE_Level_4_Year_2026,hasDetail
AutonomousDrivingDevelopment_OEM,BEHV_SAE_Level_4_Year_2027,hasDetail
AutonomousDrivingDevelopment_OEM,BEHV_SAE_Level_5_Year_2025,hasDetail
AutonomousDrivingDevelopment_OEM,BEHV_SAE_Level_5_Year_2026,hasDetail
AutonomousDrivingDevelopment_OEM,BEHV_SAE_Level_5_Year_2027,hasDetail
AutonomousDrivingDevelopment_OEM,BEV,hasVehicleType
AutonomousDrivingDevelopment_OEM,BEV_SAE_Level_1_Year_2025,hasDetail
AutonomousDrivingDevelopment_OEM,BEV_SAE_Level_1_Year_2026,hasDetail
AutonomousDrivingDevelopment_OEM,BEV_SAE_Level_1_Year_2027,hasDetail
AutonomousDrivingDevelopment_OEM,BEV_SAE_Level_2_Year_2025,hasDetail
AutonomousDrivingDevelopment_OEM,BEV_SAE_Level_2_Year_2026,hasDetail
AutonomousDrivingDevelopment_OEM,BEV_SAE_Level_2_Year_2027,hasDetail
AutonomousDrivingDevelopment_OEM,BEV_SAE_Level_3_Year_2025,hasDetail
AutonomousDrivingDevelopment_OEM,BEV_SAE_Level_3_Year_2026,hasDetail
AutonomousDrivingDevelopment_OEM,BEV_SAE_Level_3_Year_2027,hasDetail
AutonomousDrivingDevelopment_OEM,BEV_SAE_Level_4_Year_2025,hasDetail
AutonomousDrivingDevelopment_OEM,BEV_SAE_Level_4_Year_2026,hasDetail
AutonomousDrivingDevelopment_OEM,BEV_SAE_Level_4_Year_2027,hasDetail
AutonomousDrivingDevelopment_OEM,BEV_SAE_Level_5_Year_2025,hasDetail
AutonomousDrivingDevelopment_OEM,BEV_SAE_Level_5_Year_2026,hasDetail
AutonomousDrivingDevelopment_OEM,BEV_SAE_Level_5_Year_2027,hasDetail
AutonomousDrivingDevelopment_OEM,ICE,hasVehicleType
AutonomousDrivingDevelopment_OEM,ICE_SAE_Level_1_Year_2025,hasDetail
AutonomousDrivingDevelopment_OEM,ICE_SAE_Level_1_Year_2026,hasDetail
AutonomousDrivingDevelopment_OEM,ICE_SAE_Level_1_Year_2027,hasDetail
AutonomousDrivingDevelopment_OEM,ICE_SAE_Level_2_Year_2025,hasDetail
AutonomousDrivingDevelopment_OEM,ICE_SAE_Level_2_Year_2026,hasDetail
AutonomousDrivingDevelopment_OEM,ICE_SAE_Level_2_Year_2027,hasDetail
AutonomousDrivingDevelopment_OEM,ICE_SAE_Level_3_Year_2025,hasDetail
AutonomousDrivingDevelopment_OEM,ICE_SAE_Level_3_Year_2026,hasDetail
AutonomousDrivingDevelopment_OEM,ICE_SAE_Level_3_Year_2027,hasDetail
AutonomousDrivingDevelopment_OEM,ICE_SAE_Level_4_Year_2025,hasDetail
AutonomousDrivingDevelopment_OEM,ICE_SAE_Level_4_Year_2026,hasDetail
AutonomousDrivingDevelopment_OEM,ICE_SAE_Level_4_Year_2027,hasDetail
AutonomousDrivingDevelopment_OEM,ICE_SAE_Level_5_Year_2025,hasDetail
AutonomousDrivingDevelopment_OEM,ICE_SAE_Level_5_Year_2026,hasDetail
AutonomousDrivingDevelopment_OEM,ICE_SAE_Level_5_Year_2027,hasDetail
AutonomousDrivingDevelopment_Tier1,BEHV,hasVehicleType
AutonomousDrivingDevelopment_Tier1,BEHV_SAE_Level_1_Year_2025,hasDetail
AutonomousDrivingDevelopment_Tier1,BEHV_SAE_Level_1_Year_2026,hasDetail
AutonomousDrivingDevelopment_Tier1,BEHV_SAE_Level_1_Year_2027,hasDetail
AutonomousDrivingDevelopment_Tier1,BEHV_SAE_Level_2_Year_2025,hasDetail
AutonomousDrivingDevelopment_Tier1,BEHV_SAE_Level_2_Year_2026,hasDetail
AutonomousDrivingDevelopment_Tier1,BEHV_SAE_Level_2_Year_2027,hasDetail
AutonomousDrivingDevelopment_Tier1,BEHV_SAE_Level_3_Year_2025,hasDetail
AutonomousDrivingDevelopment_Tier1,BEHV_SAE_Level_3_Year_2026,hasDetail
AutonomousDrivingDevelopment_Tier1,BEHV_SAE_Level_3_Year_2027,hasDetail
AutonomousDrivingDevelopment_Tier1,BEHV_SAE_Level_4_Year_2025,hasDetail
AutonomousDrivingDevelopment_Tier1,BEHV_SAE_Level_4_Year_2026,hasDetail
AutonomousDrivingDevelopment_Tier1,BEHV_SAE_Level_4_Year_2027,hasDetail
AutonomousDrivingDevelopment_Tier1,BEHV_SAE_Level_5_Year_2025,hasDetail
AutonomousDrivingDevelopment_Tier1,BEHV_SAE_Level_5_Year_2026,hasDetail
AutonomousDrivingDevelopment_Tier1,BEHV_SAE_Level_5_Year_2027,hasDetail
AutonomousDrivingDevelopment_Tier1,BEV,hasVehicleType
AutonomousDrivingDevelopment_Tier1,BEV_SAE_Level_1_Year_2025,hasDetail
AutonomousDrivingDevelopment_Tier1,BEV_SAE_Level_1_Year_2026,hasDetail
AutonomousDrivingDevelopment_Tier1,BEV_SAE_Level_1_Year_2027,hasDetail
AutonomousDrivingDevelopment_Tier1,BEV_SAE_Level_2_Year_2025,hasDetail
AutonomousDrivingDevelopment_Tier1,BEV_SAE_Level_2_Year_2026,hasDetail
AutonomousDrivingDevelopment_Tier1,BEV_SAE_Level_2_Year_2027,hasDetail
AutonomousDrivingDevelopment_Tier1,BEV_SAE_Level_3_Year_2025,hasDetail
AutonomousDrivingDevelopment_Tier1,BEV_SAE_Level_3_Year_2026,hasDetail
AutonomousDrivingDevelopment_Tier1,BEV_SAE_Level_3_Year_2027,hasDetail
AutonomousDrivingDevelopment_Tier1,BEV_SAE_Level_4_Year_2025,hasDetail
AutonomousDrivingDevelopment_Tier1,BEV_SAE_Level_4_Year_2026,hasDetail
AutonomousDrivingDevelopment_Tier1,BEV_SAE_Level_4_Year_2027,hasDetail
AutonomousDrivingDevelopment_Tier1,BEV_SAE_Level_5_Year_2025,hasDetail
AutonomousDrivingDevelopment_Tier1,BEV_SAE_Level_5_Year_2026,hasDetail
AutonomousDrivingDevelopment_Tier1,BEV_SAE_Level_5_Year_2027,hasDetail
AutonomousDrivingDevelopment_Tier1,ICE,hasVehicleType
AutonomousDrivingDevelopment_Tier1,ICE_SAE_Level_1_Year_2025,hasDetail
AutonomousDrivingDevelopment_Tier1,ICE_SAE_Level_1_Year_2026,hasDetail
AutonomousDrivingDevelopment_Tier1,ICE_SAE_Level_1_Year_2027,hasDetail
AutonomousDrivingDevelopment_Tier1,ICE_SAE_Level_2_Year_2025,hasDetail
AutonomousDrivingDevelopment_Tier1,ICE_SAE_Level_2_Year_2026,hasDetail
AutonomousDrivingDevelopment_Tier1,ICE_SAE_Level_2_Year_2027,hasDetail
AutonomousDrivingDevelopment_Tier1,ICE_SAE_Level_3_Year_2025,hasDetail
AutonomousDrivingDevelopment_Tier1,ICE_SAE_Level_3_Year_2026,hasDetail
AutonomousDrivingDevelopment_Tier1,ICE_SAE_Level_3_Year_2027,hasDetail
AutonomousDrivingDevelopment_Tier1,ICE_SAE_Level_4_Year_2025,hasDetail
AutonomousDrivingDevelopment_Tier1,ICE_SAE_Level_4_Year_2026,hasDetail
AutonomousDrivingDevelopment_Tier1,ICE_SAE_Level_4_Year_2027,hasDetail
AutonomousDrivingDevelopment_Tier1,ICE_SAE_Level_5_Year_2025,hasDetail
AutonomousDrivingDevelopment_Tier1,ICE_SAE_Level_5_Year_2026,hasDetail
AutonomousDrivingDevelopment_Tier1,ICE_SAE_Level_5_Year_2027,hasDetail
China,China,inRegion
China_Q1_2026_Entry,China,inRegion
China_Q1_2026_Entry,Quarter_Q1_2026,quarter
China_Q2_2025_Entry,China,inRegion
China_Q2_2025_Entry,Quarter_Q2_2025,quarter
China_Q2_2026_Entry,China,inRegion
China_Q2_2026_Entry,Quarter_Q2_2026,quarter
China_Q3_2025_Entry,China,inRegion
China_Q3_2025_Entry,Quarter_Q3_2025,quarter
China_Q3_2026_Entry,China,inRegion
China_Q3_2026_Entry,Quarter_Q3_2026,quarter
China_Q4_2025_Entry,China,inRegion
China_Q4_2025_Entry,Quarter_Q4_2025,quarter
China_Q4_2026_Entry,China,inRegion
China_Q4_2026_Entry,Quarter_Q4_2026,quarter
Company1_OEM_BEHV_Response,Company1_OEM,fromCompany
Company1_OEM_BEV_Response,Company1_OEM,fromCompany
Company1_OEM_ICE_Response,Company1_OEM,fromCompany
Company1_tier1,EV,hasComponentTypeSplit
Company1_tier1,non_EV,hasComponentTypeSplit
Company1_tier1_Advanced_driver-assistance_systems_(ADAS),Company1_tier1,forCompany
Company1_tier1_Body_and_convenience,Company1_tier1,forCompany
Company1_tier1_Chassis_and_safety,Company1_tier1,forCompany
Company1_tier1_Infotainment_and_Telematics,Company1_tier1,forCompany
Company1_tier1_Other,Company1_tier1,forCompany
Company1_tier1_Powertrain,Company1_tier1,forCompany
Company2_OEM_BEHV_Response,Company2_OEM,fromCompany
Company2_OEM_BEV_Response,Company2_OEM,fromCompany
Company2_OEM_ICE_Response,Company2_OEM,fromCompany
Company2_tier1,EV,hasComponentTypeSplit
Company2_tier1,non_EV,hasComponentTypeSplit
Company2_tier1_Advanced_driver-assistance_systems_(ADAS),Company2_tier1,forCompany
Company2_tier1_Body_and_convenience,Company2_tier1,forCompany
Company2_tier1_Chassis_and_safety,Company2_tier1,forCompany
Company2_tier1_Infotainment_and_Telematics,Company2_tier1,forCompany
Company2_tier1_Other,Company2_tier1,forCompany
Company2_tier1_Powertrain,Company2_tier1,forCompany
Company3_OEM_BEHV_Response,Company3_OEM,fromCompany
Company3_OEM_BEV_Response,Company3_OEM,fromCompany
Company3_OEM_ICE_Response,Company3_OEM,fromCompany
Company3_tier1,EV,hasComponentTypeSplit
Company3_tier1,non_EV,hasComponentTypeSplit
Company3_tier1_Advanced_driver-assistance_systems_(ADAS),Company3_tier1,forCompany
Company3_tier1_Body_and_convenience,Company3_tier1,forCompany
Company3_tier1_Chassis_and_safety,Company3_tier1,forCompany
Company3_tier1_Infotainment_and_Telematics,Company3_tier1,forCompany
Company3_tier1_Other,Company3_tier1,forCompany
Company3_tier1_Powertrain,Company3_tier1,forCompany
CurrentDemandAnalysis,Aggregated_Current_BEHV,hasAggregatedResult
CurrentDemandAnalysis,Aggregated_Current_BEV,hasAggregatedResult
CurrentDemandAnalysis,Aggregated_Current_ICE,hasAggregatedResult
CurrentDemandAnalysis,BEHV,analyzesVehicleType
CurrentDemandAnalysis,BEV,analyzesVehicleType
CurrentDemandAnalysis,ICE,analyzesVehicleType
CurrentDemandAnalysis,TechCategory_10-16_nm,analyzesTechnologyCategory
CurrentDemandAnalysis,TechCategory_180-500_nm,analyzesTechnologyCategory
CurrentDemandAnalysis,TechCategory_2-7_nm,analyzesTechnologyCategory
CurrentDemandAnalysis,TechCategory_28-45_nm,analyzesTechnologyCategory
CurrentDemandAnalysis,TechCategory_55-150_nm,analyzesTechnologyCategory
CurrentDemand_OEM_Americas,RegionAmericas,inRegion
CurrentDemand_OEM_Europe,RegionEurope,inRegion
CurrentDemand_OEM_Japan,RegionJapan,inRegion
CurrentDemand_Semiconductor_Americas,RegionAmericas,inRegion
CurrentDemand_Semiconductor_Europe,RegionEurope,inRegion
CurrentDemand_Semiconductor_Japan,RegionJapan,inRegion
CurrentDemand_Tier1_Americas,RegionAmericas,inRegion
CurrentDemand_Tier1_Europe,RegionEurope,inRegion
CurrentDemand_Tier1_Japan,RegionJapan,inRegion
FutureDemandAnalysis,FutureDemand_BEHV_Current_Quarter,hasFutureDemand
FutureDemandAnalysis,FutureDemand_BEHV_Q1_2026,hasFutureDemand
FutureDemandAnalysis,FutureDemand_BEHV_Q2_2025,hasFutureDemand
FutureDemandAnalysis,FutureDemand_BEHV_Q2_2026,hasFutureDemand
FutureDemandAnalysis,FutureDemand_BEHV_Q3_2025,hasFutureDemand
FutureDemandAnalysis,FutureDemand_BEHV_Q3_2026,hasFutureDemand
FutureDemandAnalysis,FutureDemand_BEHV_Q4_2025,hasFutureDemand
FutureDemandAnalysis,FutureDemand_BEHV_Q4_2026,hasFutureDemand
FutureDemandAnalysis,FutureDemand_BEV_Current_Quarter,hasFutureDemand
FutureDemandAnalysis,FutureDemand_BEV_Q1_2026,hasFutureDemand
FutureDemandAnalysis,FutureDemand_BEV_Q2_2025,hasFutureDemand
FutureDemandAnalysis,FutureDemand_BEV_Q2_2026,hasFutureDemand
FutureDemandAnalysis,FutureDemand_BEV_Q3_2025,hasFutureDemand
FutureDemandAnalysis,FutureDemand_BEV_Q3_2026,hasFutureDemand
FutureDemandAnalysis,FutureDemand_BEV_Q4_2025,hasFutureDemand
FutureDemandAnalysis,FutureDemand_BEV_Q4_2026,hasFutureDemand
FutureDemandAnalysis,FutureDemand_ICE_Current_Quarter,hasFutureDemand
FutureDemandAnalysis,FutureDemand_ICE_Q1_2026,hasFutureDemand
FutureDemandAnalysis,FutureDemand_ICE_Q2_2025,hasFutureDemand
FutureDemandAnalysis,FutureDemand_ICE_Q2_2026,hasFutureDemand
FutureDemandAnalysis,FutureDemand_ICE_Q3_2025,hasFutureDemand
FutureDemandAnalysis,FutureDemand_ICE_Q3_2026,hasFutureDemand
FutureDemandAnalysis,FutureDemand_ICE_Q4_2025,hasFutureDemand
FutureDemandAnalysis,FutureDemand_ICE_Q4_2026,hasFutureDemand
FutureDemand_BEHV_Current_Quarter,BEHV,analyzesVehicleType
FutureDemand_BEHV_Current_Quarter,time_Current_Quarter,forTimePeriod
FutureDemand_BEHV_Q1_2026,BEHV,analyzesVehicleType
FutureDemand_BEHV_Q1_2026,time_Q1_2026,forTimePeriod
FutureDemand_BEHV_Q2_2025,BEHV,analyzesVehicleType
FutureDemand_BEHV_Q2_2025,time_Q2_2025,forTimePeriod
FutureDemand_BEHV_Q2_2026,BEHV,analyzesVehicleType
FutureDemand_BEHV_Q2_2026,time_Q2_2026,forTimePeriod
FutureDemand_BEHV_Q3_2025,BEHV,analyzesVehicleType
FutureDemand_BEHV_Q3_2025,time_Q3_2025,forTimePeriod
FutureDemand_BEHV_Q3_2026,BEHV,analyzesVehicleType
FutureDemand_BEHV_Q3_2026,time_Q3_2026,forTimePeriod
FutureDemand_BEHV_Q4_2025,BEHV,analyzesVehicleType
FutureDemand_BEHV_Q4_2025,time_Q4_2025,forTimePeriod
FutureDemand_BEHV_Q4_2026,BEHV,analyzesVehicleType
FutureDemand_BEHV_Q4_2026,time_Q4_2026,forTimePeriod
FutureDemand_BEV_Current_Quarter,BEV,analyzesVehicleType
FutureDemand_BEV_Current_Quarter,time_Current_Quarter,forTimePeriod
FutureDemand_BEV_Q1_2026,BEV,analyzesVehicleType
FutureDemand_BEV_Q1_2026,time_Q1_2026,forTimePeriod
FutureDemand_BEV_Q2_2025,BEV,analyzesVehicleType
FutureDemand_BEV_Q2_2025,time_Q2_2025,forTimePeriod
FutureDemand_BEV_Q2_2026,BEV,analyzesVehicleType
FutureDemand_BEV_Q2_2026,time_Q2_2026,forTimePeriod
FutureDemand_BEV_Q3_2025,BEV,analyzesVehicleType
FutureDemand_BEV_Q3_2025,time_Q3_2025,forTimePeriod
FutureDemand_BEV_Q3_2026,BEV,analyzesVehicleType
FutureDemand_BEV_Q3_2026,time_Q3_2026,forTimePeriod
FutureDemand_BEV_Q4_2025,BEV,analyzesVehicleType
FutureDemand_BEV_Q4_2025,time_Q4_2025,forTimePeriod
FutureDemand_BEV_Q4_2026,BEV,analyzesVehicleType
FutureDemand_BEV_Q4_2026,time_Q4_2026,forTimePeriod
FutureDemand_ICE_Current_Quarter,ICE,analyzesVehicleType
FutureDemand_ICE_Current_Quarter,time_Current_Quarter,forTimePeriod
FutureDemand_ICE_Q1_2026,ICE,analyzesVehicleType
FutureDemand_ICE_Q1_2026,time_Q1_2026,forTimePeriod
FutureDemand_ICE_Q2_2025,ICE,analyzesVehicleType
FutureDemand_ICE_Q2_2025,time_Q2_2025,forTimePeriod
FutureDemand_ICE_Q2_2026,ICE,analyzesVehicleType
FutureDemand_ICE_Q2_2026,time_Q2_2026,forTimePeriod
FutureDemand_ICE_Q3_2025,ICE,analyzesVehicleType
FutureDemand_ICE_Q3_2025,time_Q3_2025,forTimePeriod
FutureDemand_ICE_Q3_2026,ICE,analyzesVehicleType
FutureDemand_ICE_Q3_2026,time_Q3_2026,forTimePeriod
FutureDemand_ICE_Q4_2025,ICE,analyzesVehicleType
FutureDemand_ICE_Q4_2025,time_Q4_2025,forTimePeriod
FutureDemand_ICE_Q4_2026,ICE,analyzesVehicleType
FutureDemand_ICE_Q4_2026,time_Q4_2026,forTimePeriod
FutureDemand_OEM_Americas_Q1_2026_Entry,Quarter_Q1_2026,quarter
FutureDemand_OEM_Americas_Q1_2026_Entry,RegionAmericas,inRegion
FutureDemand_OEM_Americas_Q2_2025_Entry,Quarter_Q2_2025,quarter
FutureDemand_OEM_Americas_Q2_2025_Entry,RegionAmericas,inRegion
FutureDemand_OEM_Americas_Q2_2026_Entry,Quarter_Q2_2026,quarter
FutureDemand_OEM_Americas_Q2_2026_Entry,RegionAmericas,inRegion
FutureDemand_OEM_Americas_Q3_2025_Entry,Quarter_Q3_2025,quarter
FutureDemand_OEM_Americas_Q3_2025_Entry,RegionAmericas,inRegion
FutureDemand_OEM_Americas_Q3_2026_Entry,Quarter_Q3_2026,quarter
FutureDemand_OEM_Americas_Q3_2026_Entry,RegionAmericas,inRegion
FutureDemand_OEM_Americas_Q4_2025_Entry,Quarter_Q4_2025,quarter
FutureDemand_OEM_Americas_Q4_2025_Entry,RegionAmericas,inRegion
FutureDemand_OEM_Americas_Q4_2026_Entry,Quarter_Q4_2026,quarter
FutureDemand_OEM_Americas_Q4_2026_Entry,RegionAmericas,inRegion
FutureDemand_OEM_Europe_Q1_2026_Entry,Quarter_Q1_2026,quarter
FutureDemand_OEM_Europe_Q1_2026_Entry,RegionEurope,inRegion
FutureDemand_OEM_Europe_Q2_2025_Entry,Quarter_Q2_2025,quarter
FutureDemand_OEM_Europe_Q2_2025_Entry,RegionEurope,inRegion
FutureDemand_OEM_Europe_Q2_2026_Entry,Quarter_Q2_2026,quarter
FutureDemand_OEM_Europe_Q2_2026_Entry,RegionEurope,inRegion
FutureDemand_OEM_Europe_Q3_2025_Entry,Quarter_Q3_2025,quarter
FutureDemand_OEM_Europe_Q3_2025_Entry,RegionEurope,inRegion
FutureDemand_OEM_Europe_Q3_2026_Entry,Quarter_Q3_2026,quarter
FutureDemand_OEM_Europe_Q3_2026_Entry,RegionEurope,inRegion
FutureDemand_OEM_Europe_Q4_2025_Entry,Quarter_Q4_2025,quarter
FutureDemand_OEM_Europe_Q4_2025_Entry,RegionEurope,inRegion
FutureDemand_OEM_Europe_Q4_2026_Entry,Quarter_Q4_2026,quarter
FutureDemand_OEM_Europe_Q4_2026_Entry,RegionEurope,inRegion
FutureDemand_OEM_Japan_Q1_2026_Entry,Quarter_Q1_2026,quarter
FutureDemand_OEM_Japan_Q1_2026_Entry,RegionJapan,inRegion
FutureDemand_OEM_Japan_Q2_2025_Entry,Quarter_Q2_2025,quarter
FutureDemand_OEM_Japan_Q2_2025_Entry,RegionJapan,inRegion
FutureDemand_OEM_Japan_Q2_2026_Entry,Quarter_Q2_2026,quarter
FutureDemand_OEM_Japan_Q2_2026_Entry,RegionJapan,inRegion
FutureDemand_OEM_Japan_Q3_2025_Entry,Quarter_Q3_2025,quarter
FutureDemand_OEM_Japan_Q3_2025_Entry,RegionJapan,inRegion
FutureDemand_OEM_Japan_Q3_2026_Entry,Quarter_Q3_2026,quarter
FutureDemand_OEM_Japan_Q3_2026_Entry,RegionJapan,inRegion
FutureDemand_OEM_Japan_Q4_2025_Entry,Quarter_Q4_2025,quarter
FutureDemand_OEM_Japan_Q4_2025_Entry,RegionJapan,inRegion
FutureDemand_OEM_Japan_Q4_2026_Entry,Quarter_Q4_2026,quarter
FutureDemand_OEM_Japan_Q4_2026_Entry,RegionJapan,inRegion
FutureDemand_Semiconductor_Americas_Q1_2026_Entry,Quarter_Q1_2026,quarter
FutureDemand_Semiconductor_Americas_Q1_2026_Entry,RegionAmericas,inRegion
FutureDemand_Semiconductor_Americas_Q2_2025_Entry,Quarter_Q2_2025,quarter
FutureDemand_Semiconductor_Americas_Q2_2025_Entry,RegionAmericas,inRegion
FutureDemand_Semiconductor_Americas_Q2_2026_Entry,Quarter_Q2_2026,quarter
FutureDemand_Semiconductor_Americas_Q2_2026_Entry,RegionAmericas,inRegion
FutureDemand_Semiconductor_Americas_Q3_2025_Entry,Quarter_Q3_2025,quarter
FutureDemand_Semiconductor_Americas_Q3_2025_Entry,RegionAmericas,inRegion
FutureDemand_Semiconductor_Americas_Q3_2026_Entry,Quarter_Q3_2026,quarter
FutureDemand_Semiconductor_Americas_Q3_2026_Entry,RegionAmericas,inRegion
FutureDemand_Semiconductor_Americas_Q4_2025_Entry,Quarter_Q4_2025,quarter
FutureDemand_Semiconductor_Americas_Q4_2025_Entry,RegionAmericas,inRegion
FutureDemand_Semiconductor_Americas_Q4_2026_Entry,Quarter_Q4_2026,quarter
FutureDemand_Semiconductor_Americas_Q4_2026_Entry,RegionAmericas,inRegion
FutureDemand_Semiconductor_Europe_Q1_2026_Entry,Quarter_Q1_2026,quarter
FutureDemand_Semiconductor_Europe_Q1_2026_Entry,RegionEurope,inRegion
FutureDemand_Semiconductor_Europe_Q2_2025_Entry,Quarter_Q2_2025,quarter
FutureDemand_Semiconductor_Europe_Q2_2025_Entry,RegionEurope,inRegion
FutureDemand_Semiconductor_Europe_Q2_2026_Entry,Quarter_Q2_2026,quarter
FutureDemand_Semiconductor_Europe_Q2_2026_Entry,RegionEurope,inRegion
FutureDemand_Semiconductor_Europe_Q3_2025_Entry,Quarter_Q3_2025,quarter
FutureDemand_Semiconductor_Europe_Q3_2025_Entry,RegionEurope,inRegion
FutureDemand_Semiconductor_Europe_Q3_2026_Entry,Quarter_Q3_2026,quarter
FutureDemand_Semiconductor_Europe_Q3_2026_Entry,RegionEurope,inRegion
FutureDemand_Semiconductor_Europe_Q4_2025_Entry,Quarter_Q4_2025,quarter
FutureDemand_Semiconductor_Europe_Q4_2025_Entry,RegionEurope,inRegion
FutureDemand_Semiconductor_Europe_Q4_2026_Entry,Quarter_Q4_2026,quarter
FutureDemand_Semiconductor_Europe_Q4_2026_Entry,RegionEurope,inRegion
FutureDemand_Semiconductor_Japan_Q1_2026_Entry,Quarter_Q1_2026,quarter
FutureDemand_Semiconductor_Japan_Q1_2026_Entry,RegionJapan,inRegion
FutureDemand_Semiconductor_Japan_Q2_2025_Entry,Quarter_Q2_2025,quarter
FutureDemand_Semiconductor_Japan_Q2_2025_Entry,RegionJapan,inRegion
FutureDemand_Semiconductor_Japan_Q2_2026_Entry,Quarter_Q2_2026,quarter
FutureDemand_Semiconductor_Japan_Q2_2026_Entry,RegionJapan,inRegion
FutureDemand_Semiconductor_Japan_Q3_2025_Entry,Quarter_Q3_2025,quarter
FutureDemand_Semiconductor_Japan_Q3_2025_Entry,RegionJapan,inRegion
FutureDemand_Semiconductor_Japan_Q3_2026_Entry,Quarter_Q3_2026,quarter
FutureDemand_Semiconductor_Japan_Q3_2026_Entry,RegionJapan,inRegion
FutureDemand_Semiconductor_Japan_Q4_2025_Entry,Quarter_Q4_2025,quarter
FutureDemand_Semiconductor_Japan_Q4_2025_Entry,RegionJapan,inRegion
FutureDemand_Semiconductor_Japan_Q4_2026_Entry,Quarter_Q4_2026,quarter
FutureDemand_Semiconductor_Japan_Q4_2026_Entry,RegionJapan,inRegion
FutureDemand_Tier1_Americas_Q1_2026_Entry,Quarter_Q1_2026,quarter
FutureDemand_Tier1_Americas_Q1_2026_Entry,RegionAmericas,inRegion
FutureDemand_Tier1_Americas_Q2_2025_Entry,Quarter_Q2_2025,quarter
FutureDemand_Tier1_Americas_Q2_2025_Entry,RegionAmericas,inRegion
FutureDemand_Tier1_Americas_Q2_2026_Entry,Quarter_Q2_2026,quarter
FutureDemand_Tier1_Americas_Q2_2026_Entry,RegionAmericas,inRegion
FutureDemand_Tier1_Americas_Q3_2025_Entry,Quarter_Q3_2025,quarter
FutureDemand_Tier1_Americas_Q3_2025_Entry,RegionAmericas,inRegion
FutureDemand_Tier1_Americas_Q3_2026_Entry,Quarter_Q3_2026,quarter
FutureDemand_Tier1_Americas_Q3_2026_Entry,RegionAmericas,inRegion
FutureDemand_Tier1_Americas_Q4_2025_Entry,Quarter_Q4_2025,quarter
FutureDemand_Tier1_Americas_Q4_2025_Entry,RegionAmericas,inRegion
FutureDemand_Tier1_Americas_Q4_2026_Entry,Quarter_Q4_2026,quarter
FutureDemand_Tier1_Americas_Q4_2026_Entry,RegionAmericas,inRegion
FutureDemand_Tier1_Europe_Q1_2026_Entry,Quarter_Q1_2026,quarter
FutureDemand_Tier1_Europe_Q1_2026_Entry,RegionEurope,inRegion
FutureDemand_Tier1_Europe_Q2_2025_Entry,Quarter_Q2_2025,quarter
FutureDemand_Tier1_Europe_Q2_2025_Entry,RegionEurope,inRegion
FutureDemand_Tier1_Europe_Q2_2026_Entry,Quarter_Q2_2026,quarter
FutureDemand_Tier1_Europe_Q2_2026_Entry,RegionEurope,inRegion
FutureDemand_Tier1_Europe_Q3_2025_Entry,Quarter_Q3_2025,quarter
FutureDemand_Tier1_Europe_Q3_2025_Entry,RegionEurope,inRegion
FutureDemand_Tier1_Europe_Q3_2026_Entry,Quarter_Q3_2026,quarter
FutureDemand_Tier1_Europe_Q3_2026_Entry,RegionEurope,inRegion
FutureDemand_Tier1_Europe_Q4_2025_Entry,Quarter_Q4_2025,quarter
FutureDemand_Tier1_Europe_Q4_2025_Entry,RegionEurope,inRegion
FutureDemand_Tier1_Europe_Q4_2026_Entry,Quarter_Q4_2026,quarter
FutureDemand_Tier1_Europe_Q4_2026_Entry,RegionEurope,inRegion
FutureDemand_Tier1_Japan_Q1_2026_Entry,Quarter_Q1_2026,quarter
FutureDemand_Tier1_Japan_Q1_2026_Entry,RegionJapan,inRegion
FutureDemand_Tier1_Japan_Q2_2025_Entry,Quarter_Q2_2025,quarter
FutureDemand_Tier1_Japan_Q2_2025_Entry,RegionJapan,inRegion
FutureDemand_Tier1_Japan_Q2_2026_Entry,Quarter_Q2_2026,quarter
FutureDemand_Tier1_Japan_Q2_2026_Entry,RegionJapan,inRegion
FutureDemand_Tier1_Japan_Q3_2025_Entry,Quarter_Q3_2025,quarter
FutureDemand_Tier1_Japan_Q3_2025_Entry,RegionJapan,inRegion
FutureDemand_Tier1_Japan_Q3_2026_Entry,Quarter_Q3_2026,quarter
FutureDemand_Tier1_Japan_Q3_2026_Entry,RegionJapan,inRegion
FutureDemand_Tier1_Japan_Q4_2025_Entry,Quarter_Q4_2025,quarter
FutureDemand_Tier1_Japan_Q4_2025_Entry,RegionJapan,inRegion
FutureDemand_Tier1_Japan_Q4_2026_Entry,Quarter_Q4_2026,quarter
FutureDemand_Tier1_Japan_Q4_2026_Entry,RegionJapan,inRegion
InventoryDev_Company1_tier1_EV,Company1_tier1,forCompany
InventoryDev_Company1_tier1_both,Company1_tier1,forCompany
InventoryDev_Company1_tier1_non_EV,Company1_tier1,forCompany
InventoryDev_Company2_tier1_EV,Company2_tier1,forCompany
InventoryDev_Company2_tier1_both,Company2_tier1,forCompany
InventoryDev_Company2_tier1_non_EV,Company2_tier1,forCompany
InventoryDev_Company3_tier1_EV,Company3_tier1,forCompany
InventoryDev_Company3_tier1_both,Company3_tier1,forCompany
InventoryDev_Company3_tier1_non_EV,Company3_tier1,forCompany
SemiCurrentDemand,SemiDemand_%3C%3D_7nm,hasAggregatedResult
SemiCurrentDemand,SemiDemand_10nm_to_%3C28nm,hasAggregatedResult
SemiCurrentDemand,SemiDemand_180nm_or_greater,hasAggregatedResult
SemiCurrentDemand,SemiDemand_28nm_to_%3C45nm,hasAggregatedResult
SemiCurrentDemand,SemiDemand_55nm_to_180nm,hasAggregatedResult
SemiDemand_%3C%3D_7nm,TechCategory_%3C%3D_7nm,analyzesTechnologyCategory
SemiDemand_10nm_to_%3C28nm,TechCategory_10nm_to_%3C28nm,analyzesTechnologyCategory
SemiDemand_180nm_or_greater,TechCategory_180nm_or_greater,analyzesTechnologyCategory
SemiDemand_28nm_to_%3C45nm,TechCategory_28nm_to_%3C45nm,analyzesTechnologyCategory
SemiDemand_55nm_to_180nm,TechCategory_55nm_to_180nm,analyzesTechnologyCategory
SemiFutureDemand_Option1,SemiFutureDemand_Option1_%3C%3D_7nm_Current_Quarter,hasAggregatedResult
SemiFutureDemand_Option1,SemiFutureDemand_Option1_%3C%3D_7nm_Q1_2026,hasAggregatedResult
SemiFutureDemand_Option1,SemiFutureDemand_Option1_%3C%3D_7nm_Q2_2025,hasAggregatedResult
SemiFutureDemand_Option1,SemiFutureDemand_Option1_%3C%3D_7nm_Q2_2026,hasAggregatedResult
SemiFutureDemand_Option1,SemiFutureDemand_Option1_%3C%3D_7nm_Q3_2025,hasAggregatedResult
SemiFutureDemand_Option1,SemiFutureDemand_Option1_%3C%3D_7nm_Q3_2026,hasAggregatedResult
SemiFutureDemand_Option1,SemiFutureDemand_Option1_%3C%3D_7nm_Q4_2025,hasAggregatedResult
SemiFutureDemand_Option1,SemiFutureDemand_Option1_%3C%3D_7nm_Q4_2026,hasAggregatedResult
SemiFutureDemand_Option1,SemiFutureDemand_Option1_10nm_to_%3C28nm_Current_Quarter,hasAggregatedResult
SemiFutureDemand_Option1,SemiFutureDemand_Option1_10nm_to_%3C28nm_Q1_2026,hasAggregatedResult
SemiFutureDemand_Option1,SemiFutureDemand_Option1_10nm_to_%3C28nm_Q2_2025,hasAggregatedResult
SemiFutureDemand_Option1,SemiFutureDemand_Option1_10nm_to_%3C28nm_Q2_2026,hasAggregatedResult
SemiFutureDemand_Option1,SemiFutureDemand_Option1_10nm_to_%3C28nm_Q3_2025,hasAggregatedResult
SemiFutureDemand_Option1,SemiFutureDemand_Option1_10nm_to_%3C28nm_Q3_2026,hasAggregatedResult
SemiFutureDemand_Option1,SemiFutureDemand_Option1_10nm_to_%3C28nm_Q4_2025,hasAggregatedResult
SemiFutureDemand_Option1,SemiFutureDemand_Option1_10nm_to_%3C28nm_Q4_2026,hasAggregatedResult
SemiFutureDemand_Option1,SemiFutureDemand_Option1_180nm_or_greater_Current_Quarter,hasAggregatedResult
SemiFutureDemand_Option1,SemiFutureDemand_Option1_180nm_or_greater_Q1_2026,hasAggregatedResult
SemiFutureDemand_Option1,SemiFutureDemand_Option1_180nm_or_greater_Q2_2025,hasAggregatedResult
SemiFutureDemand_Option1,SemiFutureDemand_Option1_180nm_or_greater_Q2_2026,hasAggregatedResult
SemiFutureDemand_Option1,SemiFutureDemand_Option1_180nm_or_greater_Q3_2025,hasAggregatedResult
SemiFutureDemand_Option1,SemiFutureDemand_Option1_180nm_or_greater_Q3_2026,hasAggregatedResult
SemiFutureDemand_Option1,SemiFutureDemand_Option1_180nm_or_greater_Q4_2025,hasAggregatedResult
SemiFutureDemand_Option1,SemiFutureDemand_Option1_180nm_or_greater_Q4_2026,hasAggregatedResult
SemiFutureDemand_Option1,SemiFutureDemand_Option1_28nm_to_%3C45nm_Current_Quarter,hasAggregatedResult
SemiFutureDemand_Option1,SemiFutureDemand_Option1_28nm_to_%3C45nm_Q1_2026,hasAggregatedResult
SemiFutureDemand_Option1,SemiFutureDemand_Option1_28nm_to_%3C45nm_Q2_2025,hasAggregatedResult
SemiFutureDemand_Option1,SemiFutureDemand_Option1_28nm_to_%3C45nm_Q2_2026,hasAggregatedResult
SemiFutureDemand_Option1,SemiFutureDemand_Option1_28nm_to_%3C45nm_Q3_2025,hasAggregatedResult
SemiFutureDemand_Option1,SemiFutureDemand_Option1_28nm_to_%3C45nm_Q3_2026,hasAggregatedResult
SemiFutureDemand_Option1,SemiFutureDemand_Option1_28nm_to_%3C45nm_Q4_2025,hasAggregatedResult
SemiFutureDemand_Option1,SemiFutureDemand_Option1_28nm_to_%3C45nm_Q4_2026,hasAggregatedResult
SemiFutureDemand_Option1,SemiFutureDemand_Option1_55nm_to_180nm_Current_Quarter,hasAggregatedResult
SemiFutureDemand_Option1,SemiFutureDemand_Option1_55nm_to_180nm_Q1_2026,hasAggregatedResult
SemiFutureDemand_Option1,SemiFutureDemand_Option1_55nm_to_180nm_Q2_2025,hasAggregatedResult
SemiFutureDemand_Option1,SemiFutureDemand_Option1_55nm_to_180nm_Q2_2026,hasAggregatedResult
SemiFutureDemand_Option1,SemiFutureDemand_Option1_55nm_to_180nm_Q3_2025,hasAggregatedResult
SemiFutureDemand_Option1,SemiFutureDemand_Option1_55nm_to_180nm_Q3_2026,hasAggregatedResult
SemiFutureDemand_Option1,SemiFutureDemand_Option1_55nm_to_180nm_Q4_2025,hasAggregatedResult
SemiFutureDemand_Option1,SemiFutureDemand_Option1_55nm_to_180nm_Q4_2026,hasAggregatedResult
SemiFutureDemand_Option1_%3C%3D_7nm_Current_Quarter,Quarter_Current_Quarter,forTimePeriod
SemiFutureDemand_Option1_%3C%3D_7nm_Current_Quarter,TechCategory_%3C%3D_7nm,analyzesTechnologyCategory
SemiFutureDemand_Option1_%3C%3D_7nm_Q1_2026,Quarter_Q1_2026,forTimePeriod
SemiFutureDemand_Option1_%3C%3D_7nm_Q1_2026,TechCategory_%3C%3D_7nm,analyzesTechnologyCategory
SemiFutureDemand_Option1_%3C%3D_7nm_Q2_2025,Quarter_Q2_2025,forTimePeriod
SemiFutureDemand_Option1_%3C%3D_7nm_Q2_2025,TechCategory_%3C%3D_7nm,analyzesTechnologyCategory
SemiFutureDemand_Option1_%3C%3D_7nm_Q2_2026,Quarter_Q2_2026,forTimePeriod
SemiFutureDemand_Option1_%3C%3D_7nm_Q2_2026,TechCategory_%3C%3D_7nm,analyzesTechnologyCategory
SemiFutureDemand_Option1_%3C%3D_7nm_Q3_2025,Quarter_Q3_2025,forTimePeriod
SemiFutureDemand_Option1_%3C%3D_7nm_Q3_2025,TechCategory_%3C%3D_7nm,analyzesTechnologyCategory
SemiFutureDemand_Option1_%3C%3D_7nm_Q3_2026,Quarter_Q3_2026,forTimePeriod
SemiFutureDemand_Option1_%3C%3D_7nm_Q3_2026,TechCategory_%3C%3D_7nm,analyzesTechnologyCategory
SemiFutureDemand_Option1_%3C%3D_7nm_Q4_2025,Quarter_Q4_2025,forTimePeriod
SemiFutureDemand_Option1_%3C%3D_7nm_Q4_2025,TechCategory_%3C%3D_7nm,analyzesTechnologyCategory
SemiFutureDemand_Option1_%3C%3D_7nm_Q4_2026,Quarter_Q4_2026,forTimePeriod
SemiFutureDemand_Option1_%3C%3D_7nm_Q4_2026,TechCategory_%3C%3D_7nm,analyzesTechnologyCategory
SemiFutureDemand_Option1_10nm_to_%3C28nm_Current_Quarter,Quarter_Current_Quarter,forTimePeriod
SemiFutureDemand_Option1_10nm_to_%3C28nm_Current_Quarter,TechCategory_10nm_to_%3C28nm,analyzesTechnologyCategory
SemiFutureDemand_Option1_10nm_to_%3C28nm_Q1_2026,Quarter_Q1_2026,forTimePeriod
SemiFutureDemand_Option1_10nm_to_%3C28nm_Q1_2026,TechCategory_10nm_to_%3C28nm,analyzesTechnologyCategory
SemiFutureDemand_Option1_10nm_to_%3C28nm_Q2_2025,Quarter_Q2_2025,forTimePeriod
SemiFutureDemand_Option1_10nm_to_%3C28nm_Q2_2025,TechCategory_10nm_to_%3C28nm,analyzesTechnologyCategory
SemiFutureDemand_Option1_10nm_to_%3C28nm_Q2_2026,Quarter_Q2_2026,forTimePeriod
SemiFutureDemand_Option1_10nm_to_%3C28nm_Q2_2026,TechCategory_10nm_to_%3C28nm,analyzesTechnologyCategory
SemiFutureDemand_Option1_10nm_to_%3C28nm_Q3_2025,Quarter_Q3_2025,forTimePeriod
SemiFutureDemand_Option1_10nm_to_%3C28nm_Q3_2025,TechCategory_10nm_to_%3C28nm,analyzesTechnologyCategory
SemiFutureDemand_Option1_10nm_to_%3C28nm_Q3_2026,Quarter_Q3_2026,forTimePeriod
SemiFutureDemand_Option1_10nm_to_%3C28nm_Q3_2026,TechCategory_10nm_to_%3C28nm,analyzesTechnologyCategory
SemiFutureDemand_Option1_10nm_to_%3C28nm_Q4_2025,Quarter_Q4_2025,forTimePeriod
SemiFutureDemand_Option1_10nm_to_%3C28nm_Q4_2025,TechCategory_10nm_to_%3C28nm,analyzesTechnologyCategory
SemiFutureDemand_Option1_10nm_to_%3C28nm_Q4_2026,Quarter_Q4_2026,forTimePeriod
SemiFutureDemand_Option1_10nm_to_%3C28nm_Q4_2026,TechCategory_10nm_to_%3C28nm,analyzesTechnologyCategory
SemiFutureDemand_Option1_180nm_or_greater_Current_Quarter,Quarter_Current_Quarter,forTimePeriod
SemiFutureDemand_Option1_180nm_or_greater_Current_Quarter,TechCategory_180nm_or_greater,analyzesTechnologyCategory
SemiFutureDemand_Option1_180nm_or_greater_Q1_2026,Quarter_Q1_2026,forTimePeriod
SemiFutureDemand_Option1_180nm_or_greater_Q1_2026,TechCategory_180nm_or_greater,analyzesTechnologyCategory
SemiFutureDemand_Option1_180nm_or_greater_Q2_2025,Quarter_Q2_2025,forTimePeriod
SemiFutureDemand_Option1_180nm_or_greater_Q2_2025,TechCategory_180nm_or_greater,analyzesTechnologyCategory
SemiFutureDemand_Option1_180nm_or_greater_Q2_2026,Quarter_Q2_2026,forTimePeriod
SemiFutureDemand_Option1_180nm_or_greater_Q2_2026,TechCategory_180nm_or_greater,analyzesTechnologyCategory
SemiFutureDemand_Option1_180nm_or_greater_Q3_2025,Quarter_Q3_2025,forTimePeriod
SemiFutureDemand_Option1_180nm_or_greater_Q3_2025,TechCategory_180nm_or_greater,analyzesTechnologyCategory
SemiFutureDemand_Option1_180nm_or_greater_Q3_2026,Quarter_Q3_2026,forTimePeriod
SemiFutureDemand_Option1_180nm_or_greater_Q3_2026,TechCategory_180nm_or_greater,analyzesTechnologyCategory
SemiFutureDemand_Option1_180nm_or_greater_Q4_2025,Quarter_Q4_2025,forTimePeriod
SemiFutureDemand_Option1_180nm_or_greater_Q4_2025,TechCategory_180nm_or_greater,analyzesTechnologyCategory
SemiFutureDemand_Option1_180nm_or_greater_Q4_2026,Quarter_Q4_2026,forTimePeriod
SemiFutureDemand_Option1_180nm_or_greater_Q4_2026,TechCategory_180nm_or_greater,analyzesTechnologyCategory
SemiFutureDemand_Option1_28nm_to_%3C45nm_Current_Quarter,Quarter_Current_Quarter,forTimePeriod
SemiFutureDemand_Option1_28nm_to_%3C45nm_Current_Quarter,TechCategory_28nm_to_%3C45nm,analyzesTechnologyCategory
SemiFutureDemand_Option1_28nm_to_%3C45nm_Q1_2026,Quarter_Q1_2026,forTimePeriod
SemiFutureDemand_Option1_28nm_to_%3C45nm_Q1_2026,TechCategory_28nm_to_%3C45nm,analyzesTechnologyCategory
SemiFutureDemand_Option1_28nm_to_%3C45nm_Q2_2025,Quarter_Q2_2025,forTimePeriod
SemiFutureDemand_Option1_28nm_to_%3C45nm_Q2_2025,TechCategory_28nm_to_%3C45nm,analyzesTechnologyCategory
SemiFutureDemand_Option1_28nm_to_%3C45nm_Q2_2026,Quarter_Q2_2026,forTimePeriod
SemiFutureDemand_Option1_28nm_to_%3C45nm_Q2_2026,TechCategory_28nm_to_%3C45nm,analyzesTechnologyCategory
SemiFutureDemand_Option1_28nm_to_%3C45nm_Q3_2025,Quarter_Q3_2025,forTimePeriod
SemiFutureDemand_Option1_28nm_to_%3C45nm_Q3_2025,TechCategory_28nm_to_%3C45nm,analyzesTechnologyCategory
SemiFutureDemand_Option1_28nm_to_%3C45nm_Q3_2026,Quarter_Q3_2026,forTimePeriod
SemiFutureDemand_Option1_28nm_to_%3C45nm_Q3_2026,TechCategory_28nm_to_%3C45nm,analyzesTechnologyCategory
SemiFutureDemand_Option1_28nm_to_%3C45nm_Q4_2025,Quarter_Q4_2025,forTimePeriod
SemiFutureDemand_Option1_28nm_to_%3C45nm_Q4_2025,TechCategory_28nm_to_%3C45nm,analyzesTechnologyCategory
SemiFutureDemand_Option1_28nm_to_%3C45nm_Q4_2026,Quarter_Q4_2026,forTimePeriod
SemiFutureDemand_Option1_28nm_to_%3C45nm_Q4_2026,TechCategory_28nm_to_%3C45nm,analyzesTechnologyCategory
SemiFutureDemand_Option1_55nm_to_180nm_Current_Quarter,Quarter_Current_Quarter,forTimePeriod
SemiFutureDemand_Option1_55nm_to_180nm_Current_Quarter,TechCategory_55nm_to_180nm,analyzesTechnologyCategory
SemiFutureDemand_Option1_55nm_to_180nm_Q1_2026,Quarter_Q1_2026,forTimePeriod
SemiFutureDemand_Option1_55nm_to_180nm_Q1_2026,TechCategory_55nm_to_180nm,analyzesTechnologyCategory
SemiFutureDemand_Option1_55nm_to_180nm_Q2_2025,Quarter_Q2_2025,forTimePeriod
SemiFutureDemand_Option1_55nm_to_180nm_Q2_2025,TechCategory_55nm_to_180nm,analyzesTechnologyCategory
SemiFutureDemand_Option1_55nm_to_180nm_Q2_2026,Quarter_Q2_2026,forTimePeriod
SemiFutureDemand_Option1_55nm_to_180nm_Q2_2026,TechCategory_55nm_to_180nm,analyzesTechnologyCategory
SemiFutureDemand_Option1_55nm_to_180nm_Q3_2025,Quarter_Q3_2025,forTimePeriod
SemiFutureDemand_Option1_55nm_to_180nm_Q3_2025,TechCategory_55nm_to_180nm,analyzesTechnologyCategory
SemiFutureDemand_Option1_55nm_to_180nm_Q3_2026,Quarter_Q3_2026,forTimePeriod
SemiFutureDemand_Option1_55nm_to_180nm_Q3_2026,TechCategory_55nm_to_180nm,analyzesTechnologyCategory
SemiFutureDemand_Option1_55nm_to_180nm_Q4_2025,Quarter_Q4_2025,forTimePeriod
SemiFutureDemand_Option1_55nm_to_180nm_Q4_2025,TechCategory_55nm_to_180nm,analyzesTechnologyCategory
SemiFutureDemand_Option1_55nm_to_180nm_Q4_2026,Quarter_Q4_2026,forTimePeriod
SemiFutureDemand_Option1_55nm_to_180nm_Q4_2026,TechCategory_55nm_to_180nm,analyzesTechnologyCategory
SemiFutureDemand_Option2,SemiFutureDemand_Option2_%3C%3D_7nm_Current_Quarter,hasAggregatedResult
SemiFutureDemand_Option2,SemiFutureDemand_Option2_%3C%3D_7nm_Q1_2026,hasAggregatedResult
SemiFutureDemand_Option2,SemiFutureDemand_Option2_%3C%3D_7nm_Q2_2025,hasAggregatedResult
SemiFutureDemand_Option2,SemiFutureDemand_Option2_%3C%3D_7nm_Q2_2026,hasAggregatedResult
SemiFutureDemand_Option2,SemiFutureDemand_Option2_%3C%3D_7nm_Q3_2025,hasAggregatedResult
SemiFutureDemand_Option2,SemiFutureDemand_Option2_%3C%3D_7nm_Q3_2026,hasAggregatedResult
SemiFutureDemand_Option2,SemiFutureDemand_Option2_%3C%3D_7nm_Q4_2025,hasAggregatedResult
SemiFutureDemand_Option2,SemiFutureDemand_Option2_%3C%3D_7nm_Q4_2026,hasAggregatedResult
SemiFutureDemand_Option2,SemiFutureDemand_Option2_10nm_to_%3C28nm_Current_Quarter,hasAggregatedResult
SemiFutureDemand_Option2,SemiFutureDemand_Option2_10nm_to_%3C28nm_Q1_2026,hasAggregatedResult
SemiFutureDemand_Option2,SemiFutureDemand_Option2_10nm_to_%3C28nm_Q2_2025,hasAggregatedResult
SemiFutureDemand_Option2,SemiFutureDemand_Option2_10nm_to_%3C28nm_Q2_2026,hasAggregatedResult
SemiFutureDemand_Option2,SemiFutureDemand_Option2_10nm_to_%3C28nm_Q3_2025,hasAggregatedResult
SemiFutureDemand_Option2,SemiFutureDemand_Option2_10nm_to_%3C28nm_Q3_2026,hasAggregatedResult
SemiFutureDemand_Option2,SemiFutureDemand_Option2_10nm_to_%3C28nm_Q4_2025,hasAggregatedResult
SemiFutureDemand_Option2,SemiFutureDemand_Option2_10nm_to_%3C28nm_Q4_2026,hasAggregatedResult
SemiFutureDemand_Option2,SemiFutureDemand_Option2_180nm_or_greater_Current_Quarter,hasAggregatedResult
SemiFutureDemand_Option2,SemiFutureDemand_Option2_180nm_or_greater_Q1_2026,hasAggregatedResult
SemiFutureDemand_Option2,SemiFutureDemand_Option2_180nm_or_greater_Q2_2025,hasAggregatedResult
SemiFutureDemand_Option2,SemiFutureDemand_Option2_180nm_or_greater_Q2_2026,hasAggregatedResult
SemiFutureDemand_Option2,SemiFutureDemand_Option2_180nm_or_greater_Q3_2025,hasAggregatedResult
SemiFutureDemand_Option2,SemiFutureDemand_Option2_180nm_or_greater_Q3_2026,hasAggregatedResult
SemiFutureDemand_Option2,SemiFutureDemand_Option2_180nm_or_greater_Q4_2025,hasAggregatedResult
SemiFutureDemand_Option2,SemiFutureDemand_Option2_180nm_or_greater_Q4_2026,hasAggregatedResult
SemiFutureDemand_Option2,SemiFutureDemand_Option2_28nm_to_%3C45nm_Current_Quarter,hasAggregatedResult
SemiFutureDemand_Option2,SemiFutureDemand_Option2_28nm_to_%3C45nm_Q1_2026,hasAggregatedResult
SemiFutureDemand_Option2,SemiFutureDemand_Option2_28nm_to_%3C45nm_Q2_2025,hasAggregatedResult
SemiFutureDemand_Option2,SemiFutureDemand_Option2_28nm_to_%3C45nm_Q2_2026,hasAggregatedResult
SemiFutureDemand_Option2,SemiFutureDemand_Option2_28nm_to_%3C45nm_Q3_2025,hasAggregatedResult
SemiFutureDemand_Option2,SemiFutureDemand_Option2_28nm_to_%3C45nm_Q3_2026,hasAggregatedResult
SemiFutureDemand_Option2,SemiFutureDemand_Option2_28nm_to_%3C45nm_Q4_2025,hasAggregatedResult
SemiFutureDemand_Option2,SemiFutureDemand_Option2_28nm_to_%3C45nm_Q4_2026,hasAggregatedResult
SemiFutureDemand_Option2,SemiFutureDemand_Option2_55nm_to_180nm_Current_Quarter,hasAggregatedResult
SemiFutureDemand_Option2,SemiFutureDemand_Option2_55nm_to_180nm_Q1_2026,hasAggregatedResult
SemiFutureDemand_Option2,SemiFutureDemand_Option2_55nm_to_180nm_Q2_2025,hasAggregatedResult
SemiFutureDemand_Option2,SemiFutureDemand_Option2_55nm_to_180nm_Q2_2026,hasAggregatedResult
SemiFutureDemand_Option2,SemiFutureDemand_Option2_55nm_to_180nm_Q3_2025,hasAggregatedResult
SemiFutureDemand_Option2,SemiFutureDemand_Option2_55nm_to_180nm_Q3_2026,hasAggregatedResult
SemiFutureDemand_Option2,SemiFutureDemand_Option2_55nm_to_180nm_Q4_2025,hasAggregatedResult
SemiFutureDemand_Option2,SemiFutureDemand_Option2_55nm_to_180nm_Q4_2026,hasAggregatedResult
SemiFutureDemand_Option2_%3C%3D_7nm_Current_Quarter,Quarter_Current_Quarter,forTimePeriod
SemiFutureDemand_Option2_%3C%3D_7nm_Current_Quarter,TechCategory_%3C%3D_7nm,analyzesTechnologyCategory
SemiFutureDemand_Option2_%3C%3D_7nm_Q1_2026,Quarter_Q1_2026,forTimePeriod
SemiFutureDemand_Option2_%3C%3D_7nm_Q1_2026,TechCategory_%3C%3D_7nm,analyzesTechnologyCategory
SemiFutureDemand_Option2_%3C%3D_7nm_Q2_2025,Quarter_Q2_2025,forTimePeriod
SemiFutureDemand_Option2_%3C%3D_7nm_Q2_2025,TechCategory_%3C%3D_7nm,analyzesTechnologyCategory
SemiFutureDemand_Option2_%3C%3D_7nm_Q2_2026,Quarter_Q2_2026,forTimePeriod
SemiFutureDemand_Option2_%3C%3D_7nm_Q2_2026,TechCategory_%3C%3D_7nm,analyzesTechnologyCategory
SemiFutureDemand_Option2_%3C%3D_7nm_Q3_2025,Quarter_Q3_2025,forTimePeriod
SemiFutureDemand_Option2_%3C%3D_7nm_Q3_2025,TechCategory_%3C%3D_7nm,analyzesTechnologyCategory
SemiFutureDemand_Option2_%3C%3D_7nm_Q3_2026,Quarter_Q3_2026,forTimePeriod
SemiFutureDemand_Option2_%3C%3D_7nm_Q3_2026,TechCategory_%3C%3D_7nm,analyzesTechnologyCategory
SemiFutureDemand_Option2_%3C%3D_7nm_Q4_2025,Quarter_Q4_2025,forTimePeriod
SemiFutureDemand_Option2_%3C%3D_7nm_Q4_2025,TechCategory_%3C%3D_7nm,analyzesTechnologyCategory
SemiFutureDemand_Option2_%3C%3D_7nm_Q4_2026,Quarter_Q4_2026,forTimePeriod
SemiFutureDemand_Option2_%3C%3D_7nm_Q4_2026,TechCategory_%3C%3D_7nm,analyzesTechnologyCategory
SemiFutureDemand_Option2_10nm_to_%3C28nm_Current_Quarter,Quarter_Current_Quarter,forTimePeriod
SemiFutureDemand_Option2_10nm_to_%3C28nm_Current_Quarter,TechCategory_10nm_to_%3C28nm,analyzesTechnologyCategory
SemiFutureDemand_Option2_10nm_to_%3C28nm_Q1_2026,Quarter_Q1_2026,forTimePeriod
SemiFutureDemand_Option2_10nm_to_%3C28nm_Q1_2026,TechCategory_10nm_to_%3C28nm,analyzesTechnologyCategory
SemiFutureDemand_Option2_10nm_to_%3C28nm_Q2_2025,Quarter_Q2_2025,forTimePeriod
SemiFutureDemand_Option2_10nm_to_%3C28nm_Q2_2025,TechCategory_10nm_to_%3C28nm,analyzesTechnologyCategory
SemiFutureDemand_Option2_10nm_to_%3C28nm_Q2_2026,Quarter_Q2_2026,forTimePeriod
SemiFutureDemand_Option2_10nm_to_%3C28nm_Q2_2026,TechCategory_10nm_to_%3C28nm,analyzesTechnologyCategory
SemiFutureDemand_Option2_10nm_to_%3C28nm_Q3_2025,Quarter_Q3_2025,forTimePeriod
SemiFutureDemand_Option2_10nm_to_%3C28nm_Q3_2025,TechCategory_10nm_to_%3C28nm,analyzesTechnologyCategory
SemiFutureDemand_Option2_10nm_to_%3C28nm_Q3_2026,Quarter_Q3_2026,forTimePeriod
SemiFutureDemand_Option2_10nm_to_%3C28nm_Q3_2026,TechCategory_10nm_to_%3C28nm,analyzesTechnologyCategory
SemiFutureDemand_Option2_10nm_to_%3C28nm_Q4_2025,Quarter_Q4_2025,forTimePeriod
SemiFutureDemand_Option2_10nm_to_%3C28nm_Q4_2025,TechCategory_10nm_to_%3C28nm,analyzesTechnologyCategory
SemiFutureDemand_Option2_10nm_to_%3C28nm_Q4_2026,Quarter_Q4_2026,forTimePeriod
SemiFutureDemand_Option2_10nm_to_%3C28nm_Q4_2026,TechCategory_10nm_to_%3C28nm,analyzesTechnologyCategory
SemiFutureDemand_Option2_180nm_or_greater_Current_Quarter,Quarter_Current_Quarter,forTimePeriod
SemiFutureDemand_Option2_180nm_or_greater_Current_Quarter,TechCategory_180nm_or_greater,analyzesTechnologyCategory
SemiFutureDemand_Option2_180nm_or_greater_Q1_2026,Quarter_Q1_2026,forTimePeriod
SemiFutureDemand_Option2_180nm_or_greater_Q1_2026,TechCategory_180nm_or_greater,analyzesTechnologyCategory
SemiFutureDemand_Option2_180nm_or_greater_Q2_2025,Quarter_Q2_2025,forTimePeriod
SemiFutureDemand_Option2_180nm_or_greater_Q2_2025,TechCategory_180nm_or_greater,analyzesTechnologyCategory
SemiFutureDemand_Option2_180nm_or_greater_Q2_2026,Quarter_Q2_2026,forTimePeriod
SemiFutureDemand_Option2_180nm_or_greater_Q2_2026,TechCategory_180nm_or_greater,analyzesTechnologyCategory
SemiFutureDemand_Option2_180nm_or_greater_Q3_2025,Quarter_Q3_2025,forTimePeriod
SemiFutureDemand_Option2_180nm_or_greater_Q3_2025,TechCategory_180nm_or_greater,analyzesTechnologyCategory
SemiFutureDemand_Option2_180nm_or_greater_Q3_2026,Quarter_Q3_2026,forTimePeriod
SemiFutureDemand_Option2_180nm_or_greater_Q3_2026,TechCategory_180nm_or_greater,analyzesTechnologyCategory
SemiFutureDemand_Option2_180nm_or_greater_Q4_2025,Quarter_Q4_2025,forTimePeriod
SemiFutureDemand_Option2_180nm_or_greater_Q4_2025,TechCategory_180nm_or_greater,analyzesTechnologyCategory
SemiFutureDemand_Option2_180nm_or_greater_Q4_2026,Quarter_Q4_2026,forTimePeriod
SemiFutureDemand_Option2_180nm_or_greater_Q4_2026,TechCategory_180nm_or_greater,analyzesTechnologyCategory
SemiFutureDemand_Option2_28nm_to_%3C45nm_Current_Quarter,Quarter_Current_Quarter,forTimePeriod
SemiFutureDemand_Option2_28nm_to_%3C45nm_Current_Quarter,TechCategory_28nm_to_%3C45nm,analyzesTechnologyCategory
SemiFutureDemand_Option2_28nm_to_%3C45nm_Q1_2026,Quarter_Q1_2026,forTimePeriod
SemiFutureDemand_Option2_28nm_to_%3C45nm_Q1_2026,TechCategory_28nm_to_%3C45nm,analyzesTechnologyCategory
SemiFutureDemand_Option2_28nm_to_%3C45nm_Q2_2025,Quarter_Q2_2025,forTimePeriod
SemiFutureDemand_Option2_28nm_to_%3C45nm_Q2_2025,TechCategory_28nm_to_%3C45nm,analyzesTechnologyCategory
SemiFutureDemand_Option2_28nm_to_%3C45nm_Q2_2026,Quarter_Q2_2026,forTimePeriod
SemiFutureDemand_Option2_28nm_to_%3C45nm_Q2_2026,TechCategory_28nm_to_%3C45nm,analyzesTechnologyCategory
SemiFutureDemand_Option2_28nm_to_%3C45nm_Q3_2025,Quarter_Q3_2025,forTimePeriod
SemiFutureDemand_Option2_28nm_to_%3C45nm_Q3_2025,TechCategory_28nm_to_%3C45nm,analyzesTechnologyCategory
SemiFutureDemand_Option2_28nm_to_%3C45nm_Q3_2026,Quarter_Q3_2026,forTimePeriod
SemiFutureDemand_Option2_28nm_to_%3C45nm_Q3_2026,TechCategory_28nm_to_%3C45nm,analyzesTechnologyCategory
SemiFutureDemand_Option2_28nm_to_%3C45nm_Q4_2025,Quarter_Q4_2025,forTimePeriod
SemiFutureDemand_Option2_28nm_to_%3C45nm_Q4_2025,TechCategory_28nm_to_%3C45nm,analyzesTechnologyCategory
SemiFutureDemand_Option2_28nm_to_%3C45nm_Q4_2026,Quarter_Q4_2026,forTimePeriod
SemiFutureDemand_Option2_28nm_to_%3C45nm_Q4_2026,TechCategory_28nm_to_%3C45nm,analyzesTechnologyCategory
SemiFutureDemand_Option2_55nm_to_180nm_Current_Quarter,Quarter_Current_Quarter,forTimePeriod
SemiFutureDemand_Option2_55nm_to_180nm_Current_Quarter,TechCategory_55nm_to_180nm,analyzesTechnologyCategory
SemiFutureDemand_Option2_55nm_to_180nm_Q1_2026,Quarter_Q1_2026,forTimePeriod
SemiFutureDemand_Option2_55nm_to_180nm_Q1_2026,TechCategory_55nm_to_180nm,analyzesTechnologyCategory
SemiFutureDemand_Option2_55nm_to_180nm_Q2_2025,Quarter_Q2_2025,forTimePeriod
SemiFutureDemand_Option2_55nm_to_180nm_Q2_2025,TechCategory_55nm_to_180nm,analyzesTechnologyCategory
SemiFutureDemand_Option2_55nm_to_180nm_Q2_2026,Quarter_Q2_2026,forTimePeriod
SemiFutureDemand_Option2_55nm_to_180nm_Q2_2026,TechCategory_55nm_to_180nm,analyzesTechnologyCategory
SemiFutureDemand_Option2_55nm_to_180nm_Q3_2025,Quarter_Q3_2025,forTimePeriod
SemiFutureDemand_Option2_55nm_to_180nm_Q3_2025,TechCategory_55nm_to_180nm,analyzesTechnologyCategory
SemiFutureDemand_Option2_55nm_to_180nm_Q3_2026,Quarter_Q3_2026,forTimePeriod
SemiFutureDemand_Option2_55nm_to_180nm_Q3_2026,TechCategory_55nm_to_180nm,analyzesTechnologyCategory
SemiFutureDemand_Option2_55nm_to_180nm_Q4_2025,Quarter_Q4_2025,forTimePeriod
SemiFutureDemand_Option2_55nm_to_180nm_Q4_2025,TechCategory_55nm_to_180nm,analyzesTechnologyCategory
SemiFutureDemand_Option2_55nm_to_180nm_Q4_2026,Quarter_Q4_2026,forTimePeriod
SemiFutureDemand_Option2_55nm_to_180nm_Q4_2026,TechCategory_55nm_to_180nm,analyzesTechnologyCategory
SemiFutureDemand_Option3,SemiFutureDemand_Option3_%3C%3D_7nm_Current_Quarter,hasAggregatedResult
SemiFutureDemand_Option3,SemiFutureDemand_Option3_%3C%3D_7nm_Q1_2026,hasAggregatedResult
SemiFutureDemand_Option3,SemiFutureDemand_Option3_%3C%3D_7nm_Q2_2025,hasAggregatedResult
SemiFutureDemand_Option3,SemiFutureDemand_Option3_%3C%3D_7nm_Q2_2026,hasAggregatedResult
SemiFutureDemand_Option3,SemiFutureDemand_Option3_%3C%3D_7nm_Q3_2025,hasAggregatedResult
SemiFutureDemand_Option3,SemiFutureDemand_Option3_%3C%3D_7nm_Q3_2026,hasAggregatedResult
SemiFutureDemand_Option3,SemiFutureDemand_Option3_%3C%3D_7nm_Q4_2025,hasAggregatedResult
SemiFutureDemand_Option3,SemiFutureDemand_Option3_%3C%3D_7nm_Q4_2026,hasAggregatedResult
SemiFutureDemand_Option3,SemiFutureDemand_Option3_10nm_to_%3C28nm_Current_Quarter,hasAggregatedResult
SemiFutureDemand_Option3,SemiFutureDemand_Option3_10nm_to_%3C28nm_Q1_2026,hasAggregatedResult
SemiFutureDemand_Option3,SemiFutureDemand_Option3_10nm_to_%3C28nm_Q2_2025,hasAggregatedResult
SemiFutureDemand_Option3,SemiFutureDemand_Option3_10nm_to_%3C28nm_Q2_2026,hasAggregatedResult
SemiFutureDemand_Option3,SemiFutureDemand_Option3_10nm_to_%3C28nm_Q3_2025,hasAggregatedResult
SemiFutureDemand_Option3,SemiFutureDemand_Option3_10nm_to_%3C28nm_Q3_2026,hasAggregatedResult
SemiFutureDemand_Option3,SemiFutureDemand_Option3_10nm_to_%3C28nm_Q4_2025,hasAggregatedResult
SemiFutureDemand_Option3,SemiFutureDemand_Option3_10nm_to_%3C28nm_Q4_2026,hasAggregatedResult
SemiFutureDemand_Option3,SemiFutureDemand_Option3_180nm_or_greater_Current_Quarter,hasAggregatedResult
SemiFutureDemand_Option3,SemiFutureDemand_Option3_180nm_or_greater_Q1_2026,hasAggregatedResult
SemiFutureDemand_Option3,SemiFutureDemand_Option3_180nm_or_greater_Q2_2025,hasAggregatedResult
SemiFutureDemand_Option3,SemiFutureDemand_Option3_180nm_or_greater_Q2_2026,hasAggregatedResult
SemiFutureDemand_Option3,SemiFutureDemand_Option3_180nm_or_greater_Q3_2025,hasAggregatedResult
SemiFutureDemand_Option3,SemiFutureDemand_Option3_180nm_or_greater_Q3_2026,hasAggregatedResult
SemiFutureDemand_Option3,SemiFutureDemand_Option3_180nm_or_greater_Q4_2025,hasAggregatedResult
SemiFutureDemand_Option3,SemiFutureDemand_Option3_180nm_or_greater_Q4_2026,hasAggregatedResult
SemiFutureDemand_Option3,SemiFutureDemand_Option3_28nm_to_%3C45nm_Current_Quarter,hasAggregatedResult
SemiFutureDemand_Option3,SemiFutureDemand_Option3_28nm_to_%3C45nm_Q1_2026,hasAggregatedResult
SemiFutureDemand_Option3,SemiFutureDemand_Option3_28nm_to_%3C45nm_Q2_2025,hasAggregatedResult
SemiFutureDemand_Option3,SemiFutureDemand_Option3_28nm_to_%3C45nm_Q2_2026,hasAggregatedResult
SemiFutureDemand_Option3,SemiFutureDemand_Option3_28nm_to_%3C45nm_Q3_2025,hasAggregatedResult
SemiFutureDemand_Option3,SemiFutureDemand_Option3_28nm_to_%3C45nm_Q3_2026,hasAggregatedResult
SemiFutureDemand_Option3,SemiFutureDemand_Option3_28nm_to_%3C45nm_Q4_2025,hasAggregatedResult
SemiFutureDemand_Option3,SemiFutureDemand_Option3_28nm_to_%3C45nm_Q4_2026,hasAggregatedResult
SemiFutureDemand_Option3,SemiFutureDemand_Option3_55nm_to_180nm_Current_Quarter,hasAggregatedResult
SemiFutureDemand_Option3,SemiFutureDemand_Option3_55nm_to_180nm_Q1_2026,hasAggregatedResult
SemiFutureDemand_Option3,SemiFutureDemand_Option3_55nm_to_180nm_Q2_2025,hasAggregatedResult
SemiFutureDemand_Option3,SemiFutureDemand_Option3_55nm_to_180nm_Q2_2026,hasAggregatedResult
SemiFutureDemand_Option3,SemiFutureDemand_Option3_55nm_to_180nm_Q3_2025,hasAggregatedResult
SemiFutureDemand_Option3,SemiFutureDemand_Option3_55nm_to_180nm_Q3_2026,hasAggregatedResult
SemiFutureDemand_Option3,SemiFutureDemand_Option3_55nm_to_180nm_Q4_2025,hasAggregatedResult
SemiFutureDemand_Option3,SemiFutureDemand_Option3_55nm_to_180nm_Q4_2026,hasAggregatedResult
SemiFutureDemand_Option3_%3C%3D_7nm_Current_Quarter,Quarter_Current_Quarter,forTimePeriod
SemiFutureDemand_Option3_%3C%3D_7nm_Current_Quarter,TechCategory_%3C%3D_7nm,analyzesTechnologyCategory
SemiFutureDemand_Option3_%3C%3D_7nm_Q1_2026,Quarter_Q1_2026,forTimePeriod
SemiFutureDemand_Option3_%3C%3D_7nm_Q1_2026,TechCategory_%3C%3D_7nm,analyzesTechnologyCategory
SemiFutureDemand_Option3_%3C%3D_7nm_Q2_2025,Quarter_Q2_2025,forTimePeriod
SemiFutureDemand_Option3_%3C%3D_7nm_Q2_2025,TechCategory_%3C%3D_7nm,analyzesTechnologyCategory
SemiFutureDemand_Option3_%3C%3D_7nm_Q2_2026,Quarter_Q2_2026,forTimePeriod
SemiFutureDemand_Option3_%3C%3D_7nm_Q2_2026,TechCategory_%3C%3D_7nm,analyzesTechnologyCategory
SemiFutureDemand_Option3_%3C%3D_7nm_Q3_2025,Quarter_Q3_2025,forTimePeriod
SemiFutureDemand_Option3_%3C%3D_7nm_Q3_2025,TechCategory_%3C%3D_7nm,analyzesTechnologyCategory
SemiFutureDemand_Option3_%3C%3D_7nm_Q3_2026,Quarter_Q3_2026,forTimePeriod
SemiFutureDemand_Option3_%3C%3D_7nm_Q3_2026,TechCategory_%3C%3D_7nm,analyzesTechnologyCategory
SemiFutureDemand_Option3_%3C%3D_7nm_Q4_2025,Quarter_Q4_2025,forTimePeriod
SemiFutureDemand_Option3_%3C%3D_7nm_Q4_2025,TechCategory_%3C%3D_7nm,analyzesTechnologyCategory
SemiFutureDemand_Option3_%3C%3D_7nm_Q4_2026,Quarter_Q4_2026,forTimePeriod
SemiFutureDemand_Option3_%3C%3D_7nm_Q4_2026,TechCategory_%3C%3D_7nm,analyzesTechnologyCategory
SemiFutureDemand_Option3_10nm_to_%3C28nm_Current_Quarter,Quarter_Current_Quarter,forTimePeriod
SemiFutureDemand_Option3_10nm_to_%3C28nm_Current_Quarter,TechCategory_10nm_to_%3C28nm,analyzesTechnologyCategory
SemiFutureDemand_Option3_10nm_to_%3C28nm_Q1_2026,Quarter_Q1_2026,forTimePeriod
SemiFutureDemand_Option3_10nm_to_%3C28nm_Q1_2026,TechCategory_10nm_to_%3C28nm,analyzesTechnologyCategory
SemiFutureDemand_Option3_10nm_to_%3C28nm_Q2_2025,Quarter_Q2_2025,forTimePeriod
SemiFutureDemand_Option3_10nm_to_%3C28nm_Q2_2025,TechCategory_10nm_to_%3C28nm,analyzesTechnologyCategory
SemiFutureDemand_Option3_10nm_to_%3C28nm_Q2_2026,Quarter_Q2_2026,forTimePeriod
SemiFutureDemand_Option3_10nm_to_%3C28nm_Q2_2026,TechCategory_10nm_to_%3C28nm,analyzesTechnologyCategory
SemiFutureDemand_Option3_10nm_to_%3C28nm_Q3_2025,Quarter_Q3_2025,forTimePeriod
SemiFutureDemand_Option3_10nm_to_%3C28nm_Q3_2025,TechCategory_10nm_to_%3C28nm,analyzesTechnologyCategory
SemiFutureDemand_Option3_10nm_to_%3C28nm_Q3_2026,Quarter_Q3_2026,forTimePeriod
SemiFutureDemand_Option3_10nm_to_%3C28nm_Q3_2026,TechCategory_10nm_to_%3C28nm,analyzesTechnologyCategory
SemiFutureDemand_Option3_10nm_to_%3C28nm_Q4_2025,Quarter_Q4_2025,forTimePeriod
SemiFutureDemand_Option3_10nm_to_%3C28nm_Q4_2025,TechCategory_10nm_to_%3C28nm,analyzesTechnologyCategory
SemiFutureDemand_Option3_10nm_to_%3C28nm_Q4_2026,Quarter_Q4_2026,forTimePeriod
SemiFutureDemand_Option3_10nm_to_%3C28nm_Q4_2026,TechCategory_10nm_to_%3C28nm,analyzesTechnologyCategory
SemiFutureDemand_Option3_180nm_or_greater_Current_Quarter,Quarter_Current_Quarter,forTimePeriod
SemiFutureDemand_Option3_180nm_or_greater_Current_Quarter,TechCategory_180nm_or_greater,analyzesTechnologyCategory
SemiFutureDemand_Option3_180nm_or_greater_Q1_2026,Quarter_Q1_2026,forTimePeriod
SemiFutureDemand_Option3_180nm_or_greater_Q1_2026,TechCategory_180nm_or_greater,analyzesTechnologyCategory
SemiFutureDemand_Option3_180nm_or_greater_Q2_2025,Quarter_Q2_2025,forTimePeriod
SemiFutureDemand_Option3_180nm_or_greater_Q2_2025,TechCategory_180nm_or_greater,analyzesTechnologyCategory
SemiFutureDemand_Option3_180nm_or_greater_Q2_2026,Quarter_Q2_2026,forTimePeriod
SemiFutureDemand_Option3_180nm_or_greater_Q2_2026,TechCategory_180nm_or_greater,analyzesTechnologyCategory
SemiFutureDemand_Option3_180nm_or_greater_Q3_2025,Quarter_Q3_2025,forTimePeriod
SemiFutureDemand_Option3_180nm_or_greater_Q3_2025,TechCategory_180nm_or_greater,analyzesTechnologyCategory
SemiFutureDemand_Option3_180nm_or_greater_Q3_2026,Quarter_Q3_2026,forTimePeriod
SemiFutureDemand_Option3_180nm_or_greater_Q3_2026,TechCategory_180nm_or_greater,analyzesTechnologyCategory
SemiFutureDemand_Option3_180nm_or_greater_Q4_2025,Quarter_Q4_2025,forTimePeriod
SemiFutureDemand_Option3_180nm_or_greater_Q4_2025,TechCategory_180nm_or_greater,analyzesTechnologyCategory
SemiFutureDemand_Option3_180nm_or_greater_Q4_2026,Quarter_Q4_2026,forTimePeriod
SemiFutureDemand_Option3_180nm_or_greater_Q4_2026,TechCategory_180nm_or_greater,analyzesTechnologyCategory
SemiFutureDemand_Option3_28nm_to_%3C45nm_Current_Quarter,Quarter_Current_Quarter,forTimePeriod
SemiFutureDemand_Option3_28nm_to_%3C45nm_Current_Quarter,TechCategory_28nm_to_%3C45nm,analyzesTechnologyCategory
SemiFutureDemand_Option3_28nm_to_%3C45nm_Q1_2026,Quarter_Q1_2026,forTimePeriod
SemiFutureDemand_Option3_28nm_to_%3C45nm_Q1_2026,TechCategory_28nm_to_%3C45nm,analyzesTechnologyCategory
SemiFutureDemand_Option3_28nm_to_%3C45nm_Q2_2025,Quarter_Q2_2025,forTimePeriod
SemiFutureDemand_Option3_28nm_to_%3C45nm_Q2_2025,TechCategory_28nm_to_%3C45nm,analyzesTechnologyCategory
SemiFutureDemand_Option3_28nm_to_%3C45nm_Q2_2026,Quarter_Q2_2026,forTimePeriod
SemiFutureDemand_Option3_28nm_to_%3C45nm_Q2_2026,TechCategory_28nm_to_%3C45nm,analyzesTechnologyCategory
SemiFutureDemand_Option3_28nm_to_%3C45nm_Q3_2025,Quarter_Q3_2025,forTimePeriod
SemiFutureDemand_Option3_28nm_to_%3C45nm_Q3_2025,TechCategory_28nm_to_%3C45nm,analyzesTechnologyCategory
SemiFutureDemand_Option3_28nm_to_%3C45nm_Q3_2026,Quarter_Q3_2026,forTimePeriod
SemiFutureDemand_Option3_28nm_to_%3C45nm_Q3_2026,TechCategory_28nm_to_%3C45nm,analyzesTechnologyCategory
SemiFutureDemand_Option3_28nm_to_%3C45nm_Q4_2025,Quarter_Q4_2025,forTimePeriod
SemiFutureDemand_Option3_28nm_to_%3C45nm_Q4_2025,TechCategory_28nm_to_%3C45nm,analyzesTechnologyCategory
SemiFutureDemand_Option3_28nm_to_%3C45nm_Q4_2026,Quarter_Q4_2026,forTimePeriod
SemiFutureDemand_Option3_28nm_to_%3C45nm_Q4_2026,TechCategory_28nm_to_%3C45nm,analyzesTechnologyCategory
SemiFutureDemand_Option3_55nm_to_180nm_Current_Quarter,Quarter_Current_Quarter,forTimePeriod
SemiFutureDemand_Option3_55nm_to_180nm_Current_Quarter,TechCategory_55nm_to_180nm,analyzesTechnologyCategory
SemiFutureDemand_Option3_55nm_to_180nm_Q1_2026,Quarter_Q1_2026,forTimePeriod
SemiFutureDemand_Option3_55nm_to_180nm_Q1_2026,TechCategory_55nm_to_180nm,analyzesTechnologyCategory
SemiFutureDemand_Option3_55nm_to_180nm_Q2_2025,Quarter_Q2_2025,forTimePeriod
SemiFutureDemand_Option3_55nm_to_180nm_Q2_2025,TechCategory_55nm_to_180nm,analyzesTechnologyCategory
SemiFutureDemand_Option3_55nm_to_180nm_Q2_2026,Quarter_Q2_2026,forTimePeriod
SemiFutureDemand_Option3_55nm_to_180nm_Q2_2026,TechCategory_55nm_to_180nm,analyzesTechnologyCategory
SemiFutureDemand_Option3_55nm_to_180nm_Q3_2025,Quarter_Q3_2025,forTimePeriod
SemiFutureDemand_Option3_55nm_to_180nm_Q3_2025,TechCategory_55nm_to_180nm,analyzesTechnologyCategory
SemiFutureDemand_Option3_55nm_to_180nm_Q3_2026,Quarter_Q3_2026,forTimePeriod
SemiFutureDemand_Option3_55nm_to_180nm_Q3_2026,TechCategory_55nm_to_180nm,analyzesTechnologyCategory
SemiFutureDemand_Option3_55nm_to_180nm_Q4_2025,Quarter_Q4_2025,forTimePeriod
SemiFutureDemand_Option3_55nm_to_180nm_Q4_2025,TechCategory_55nm_to_180nm,analyzesTechnologyCategory
SemiFutureDemand_Option3_55nm_to_180nm_Q4_2026,Quarter_Q4_2026,forTimePeriod
SemiFutureDemand_Option3_55nm_to_180nm_Q4_2026,TechCategory_55nm_to_180nm,analyzesTechnologyCategory
SemiconductorFutureDemand,SemiconFuture_%3C%3D_7nm_Q1_2026,hasFutureDemand
SemiconductorFutureDemand,SemiconFuture_%3C%3D_7nm_Q2_2025,hasFutureDemand
SemiconductorFutureDemand,SemiconFuture_%3C%3D_7nm_Q2_2026,hasFutureDemand
SemiconductorFutureDemand,SemiconFuture_%3C%3D_7nm_Q3_2025,hasFutureDemand
SemiconductorFutureDemand,SemiconFuture_%3C%3D_7nm_Q3_2026,hasFutureDemand
SemiconductorFutureDemand,SemiconFuture_%3C%3D_7nm_Q4_2025,hasFutureDemand
SemiconductorFutureDemand,SemiconFuture_%3C%3D_7nm_Q4_2026,hasFutureDemand
SemiconductorFutureDemand,SemiconFuture_10nm_to_%3C28nm_Q1_2026,hasFutureDemand
SemiconductorFutureDemand,SemiconFuture_10nm_to_%3C28nm_Q2_2025,hasFutureDemand
SemiconductorFutureDemand,SemiconFuture_10nm_to_%3C28nm_Q2_2026,hasFutureDemand
SemiconductorFutureDemand,SemiconFuture_10nm_to_%3C28nm_Q3_2025,hasFutureDemand
SemiconductorFutureDemand,SemiconFuture_10nm_to_%3C28nm_Q3_2026,hasFutureDemand
SemiconductorFutureDemand,SemiconFuture_10nm_to_%3C28nm_Q4_2025,hasFutureDemand
SemiconductorFutureDemand,SemiconFuture_10nm_to_%3C28nm_Q4_2026,hasFutureDemand
SemiconductorFutureDemand,SemiconFuture_180nm_or_greater_Q1_2026,hasFutureDemand
SemiconductorFutureDemand,SemiconFuture_180nm_or_greater_Q2_2025,hasFutureDemand
SemiconductorFutureDemand,SemiconFuture_180nm_or_greater_Q2_2026,hasFutureDemand
SemiconductorFutureDemand,SemiconFuture_180nm_or_greater_Q3_2025,hasFutureDemand
SemiconductorFutureDemand,SemiconFuture_180nm_or_greater_Q3_2026,hasFutureDemand
SemiconductorFutureDemand,SemiconFuture_180nm_or_greater_Q4_2025,hasFutureDemand
SemiconductorFutureDemand,SemiconFuture_180nm_or_greater_Q4_2026,hasFutureDemand
SemiconductorFutureDemand,SemiconFuture_28nm_to_%3C45nm_Q1_2026,hasFutureDemand
SemiconductorFutureDemand,SemiconFuture_28nm_to_%3C45nm_Q2_2025,hasFutureDemand
SemiconductorFutureDemand,SemiconFuture_28nm_to_%3C45nm_Q2_2026,hasFutureDemand
SemiconductorFutureDemand,SemiconFuture_28nm_to_%3C45nm_Q3_2025,hasFutureDemand
SemiconductorFutureDemand,SemiconFuture_28nm_to_%3C45nm_Q3_2026,hasFutureDemand
SemiconductorFutureDemand,SemiconFuture_28nm_to_%3C45nm_Q4_2025,hasFutureDemand
SemiconductorFutureDemand,SemiconFuture_28nm_to_%3C45nm_Q4_2026,hasFutureDemand
SemiconductorFutureDemand,SemiconFuture_55nm_to_180nm_Q1_2026,hasFutureDemand
SemiconductorFutureDemand,SemiconFuture_55nm_to_180nm_Q2_2025,hasFutureDemand
SemiconductorFutureDemand,SemiconFuture_55nm_to_180nm_Q2_2026,hasFutureDemand
SemiconductorFutureDemand,SemiconFuture_55nm_to_180nm_Q3_2025,hasFutureDemand
SemiconductorFutureDemand,SemiconFuture_55nm_to_180nm_Q3_2026,hasFutureDemand
SemiconductorFutureDemand,SemiconFuture_55nm_to_180nm_Q4_2025,hasFutureDemand
SemiconductorFutureDemand,SemiconFuture_55nm_to_180nm_Q4_2026,hasFutureDemand
Tier1CurrentDemand,Automotive,hasMarketSegment
Tier1CurrentDemand,Tier1CurrentDemand_BL1,hasAggregatedResult
Tier1CurrentDemand,Tier1CurrentDemand_BL2,hasAggregatedResult
Tier1CurrentDemand_BL1,Automotive,hasMarketSegment
Tier1CurrentDemand_BL2,Automotive,hasMarketSegment
Tier1FutureDemand,Automotive,hasMarketSegment
Tier1FutureDemand_Option1,Tier1FutureDemand_Option1_Current_Quarter,hasAggregatedResult
Tier1FutureDemand_Option1,Tier1FutureDemand_Option1_Q1_2026,hasAggregatedResult
Tier1FutureDemand_Option1,Tier1FutureDemand_Option1_Q2_2025,hasAggregatedResult
Tier1FutureDemand_Option1,Tier1FutureDemand_Option1_Q2_2026,hasAggregatedResult
Tier1FutureDemand_Option1,Tier1FutureDemand_Option1_Q3_2025,hasAggregatedResult
Tier1FutureDemand_Option1,Tier1FutureDemand_Option1_Q3_2026,hasAggregatedResult
Tier1FutureDemand_Option1,Tier1FutureDemand_Option1_Q4_2025,hasAggregatedResult
Tier1FutureDemand_Option1,Tier1FutureDemand_Option1_Q4_2026,hasAggregatedResult
Tier1FutureDemand_Option1_Current_Quarter,Automotive,hasMarketSegment
Tier1FutureDemand_Option1_Q1_2026,Automotive,hasMarketSegment
Tier1FutureDemand_Option1_Q1_2026,Quarter_Q1_2026,forTimePeriod
Tier1FutureDemand_Option1_Q2_2025,Automotive,hasMarketSegment
Tier1FutureDemand_Option1_Q2_2026,Automotive,hasMarketSegment
Tier1FutureDemand_Option1_Q2_2026,Quarter_Q2_2026,forTimePeriod
Tier1FutureDemand_Option1_Q3_2025,Automotive,hasMarketSegment
Tier1FutureDemand_Option1_Q3_2026,Automotive,hasMarketSegment
Tier1FutureDemand_Option1_Q3_2026,Quarter_Q3_2026,forTimePeriod
Tier1FutureDemand_Option1_Q4_2025,Automotive,hasMarketSegment
Tier1FutureDemand_Option1_Q4_2026,Automotive,hasMarketSegment
Tier1FutureDemand_Option1_Q4_2026,Quarter_Q4_2026,forTimePeriod
Tier1FutureDemand_Option2,Tier1FutureDemand_Option2_Current_Quarter,hasAggregatedResult
Tier1FutureDemand_Option2,Tier1FutureDemand_Option2_Q1_2026,hasAggregatedResult
Tier1FutureDemand_Option2,Tier1FutureDemand_Option2_Q2_2025,hasAggregatedResult
Tier1FutureDemand_Option2,Tier1FutureDemand_Option2_Q2_2026,hasAggregatedResult
Tier1FutureDemand_Option2,Tier1FutureDemand_Option2_Q3_2025,hasAggregatedResult
Tier1FutureDemand_Option2,Tier1FutureDemand_Option2_Q3_2026,hasAggregatedResult
Tier1FutureDemand_Option2,Tier1FutureDemand_Option2_Q4_2025,hasAggregatedResult
Tier1FutureDemand_Option2,Tier1FutureDemand_Option2_Q4_2026,hasAggregatedResult
Tier1FutureDemand_Option2_Current_Quarter,Automotive,hasMarketSegment
Tier1FutureDemand_Option2_Q1_2026,Automotive,hasMarketSegment
Tier1FutureDemand_Option2_Q1_2026,Quarter_Q1_2026,forTimePeriod
Tier1FutureDemand_Option2_Q2_2025,Automotive,hasMarketSegment
Tier1FutureDemand_Option2_Q2_2026,Automotive,hasMarketSegment
Tier1FutureDemand_Option2_Q2_2026,Quarter_Q2_2026,forTimePeriod
Tier1FutureDemand_Option2_Q3_2025,Automotive,hasMarketSegment
Tier1FutureDemand_Option2_Q3_2026,Automotive,hasMarketSegment
Tier1FutureDemand_Option2_Q3_2026,Quarter_Q3_2026,forTimePeriod
Tier1FutureDemand_Option2_Q4_2025,Automotive,hasMarketSegment
Tier1FutureDemand_Option2_Q4_2026,Automotive,hasMarketSegment
Tier1FutureDemand_Option2_Q4_2026,Quarter_Q4_2026,forTimePeriod
Tier1FutureDemand_Option3,TechCategory_10-16_nm,analyzesTechnologyCategory
Tier1FutureDemand_Option3,TechCategory_180-500_nm,analyzesTechnologyCategory
Tier1FutureDemand_Option3,TechCategory_2-7_nm,analyzesTechnologyCategory
Tier1FutureDemand_Option3,TechCategory_28-45_nm,analyzesTechnologyCategory
Tier1FutureDemand_Option3,TechCategory_55-150_nm,analyzesTechnologyCategory
Tier1FutureDemand_Option3,Tier1FutureDemand_Option3_Current_Quarter,hasAggregatedResult
Tier1FutureDemand_Option3,Tier1FutureDemand_Option3_Q1_2026,hasAggregatedResult
Tier1FutureDemand_Option3,Tier1FutureDemand_Option3_Q2_2025,hasAggregatedResult
Tier1FutureDemand_Option3,Tier1FutureDemand_Option3_Q2_2026,hasAggregatedResult
Tier1FutureDemand_Option3,Tier1FutureDemand_Option3_Q3_2025,hasAggregatedResult
Tier1FutureDemand_Option3,Tier1FutureDemand_Option3_Q3_2026,hasAggregatedResult
Tier1FutureDemand_Option3,Tier1FutureDemand_Option3_Q4_2025,hasAggregatedResult
Tier1FutureDemand_Option3,Tier1FutureDemand_Option3_Q4_2026,hasAggregatedResult
Tier1FutureDemand_Option3_Current_Quarter,Automotive,hasMarketSegment
Tier1FutureDemand_Option3_Q1_2026,Automotive,hasMarketSegment
Tier1FutureDemand_Option3_Q1_2026,Quarter_Q1_2026,forTimePeriod
Tier1FutureDemand_Option3_Q2_2025,Automotive,hasMarketSegment
Tier1FutureDemand_Option3_Q2_2026,Automotive,hasMarketSegment
Tier1FutureDemand_Option3_Q2_2026,Quarter_Q2_2026,forTimePeriod
Tier1FutureDemand_Option3_Q3_2025,Automotive,hasMarketSegment
Tier1FutureDemand_Option3_Q3_2026,Automotive,hasMarketSegment
Tier1FutureDemand_Option3_Q3_2026,Quarter_Q3_2026,forTimePeriod
Tier1FutureDemand_Option3_Q4_2025,Automotive,hasMarketSegment
Tier1FutureDemand_Option3_Q4_2026,Automotive,hasMarketSegment
Tier1FutureDemand_Option3_Q4_2026,Quarter_Q4_2026,forTimePeriod
Tier1_Survey_Instance,Company1_tier1_Advanced_driver-assistance_systems_(ADAS),hasInventoryResponse
Tier1_Survey_Instance,Company1_tier1_Body_and_convenience,hasInventoryResponse
Tier1_Survey_Instance,Company1_tier1_Chassis_and_safety,hasInventoryResponse
Tier1_Survey_Instance,Company1_tier1_Infotainment_and_Telematics,hasInventoryResponse
Tier1_Survey_Instance,Company1_tier1_Other,hasInventoryResponse
Tier1_Survey_Instance,Company1_tier1_Powertrain,hasInventoryResponse
Tier1_Survey_Instance,Company2_tier1_Advanced_driver-assistance_systems_(ADAS),hasInventoryResponse
Tier1_Survey_Instance,Company2_tier1_Body_and_convenience,hasInventoryResponse
Tier1_Survey_Instance,Company2_tier1_Chassis_and_safety,hasInventoryResponse
Tier1_Survey_Instance,Company2_tier1_Infotainment_and_Telematics,hasInventoryResponse
Tier1_Survey_Instance,Company2_tier1_Other,hasInventoryResponse
Tier1_Survey_Instance,Company2_tier1_Powertrain,hasInventoryResponse
Tier1_Survey_Instance,Company3_tier1_Advanced_driver-assistance_systems_(ADAS),hasInventoryResponse
Tier1_Survey_Instance,Company3_tier1_Body_and_convenience,hasInventoryResponse
Tier1_Survey_Instance,Company3_tier1_Chassis_and_safety,hasInventoryResponse
Tier1_Survey_Instance,Company3_tier1_Infotainment_and_Telematics,hasInventoryResponse
Tier1_Survey_Instance,Company3_tier1_Other,hasInventoryResponse
Tier1_Survey_Instance,Company3_tier1_Powertrain,hasInventoryResponse
Tier1_Survey_Instance,InventoryDev_Company1_tier1_EV,hasInventoryResponse
Tier1_Survey_Instance,InventoryDev_Company1_tier1_both,hasInventoryResponse
Tier1_Survey_Instance,InventoryDev_Company1_tier1_non_EV,hasInventoryResponse
Tier1_Survey_Instance,InventoryDev_Company2_tier1_EV,hasInventoryResponse
Tier1_Survey_Instance,InventoryDev_Company2_tier1_both,hasInventoryResponse
Tier1_Survey_Instance,InventoryDev_Company2_tier1_non_EV,hasInventoryResponse
Tier1_Survey_Instance,InventoryDev_Company3_tier1_EV,hasInventoryResponse
Tier1_Survey_Instance,InventoryDev_Company3_tier1_both,hasInventoryResponse
Tier1_Survey_Instance,InventoryDev_Company3_tier1_non_EV,hasInventoryResponse
